{
    "scale":[0.00903828140256651 , 0.00903828140256651 , 0.00903828140256651 ],
    "rotation":[0, 0.7071067811865474, 0.7071067811865474, 0],
    "position":[0,0,0],
    "collision":{
        "hull":{
            
            "body":["box", 0, -0.15, 1.6, 1.85, 1.25, 5, 0, 0, 0, 1],
            "neck":["box", 0, 0, -1.9, 1.5, 0.8, 2, 0, 0, 0, 1],
            "cockpit":["box", 0, 0.09, -5.1, 2.18, 1.31, 4.55, 0, 0, 0, 1],
            "engineMount":["box", 0, -0.28, 1.67, 6, 0.49, 1.93, 0, 0, 0, 1],
            "leftEngine":["cylinder", -3.3, -0.27, 3.35, 0.8, 8.5, 0.8, 0.7071067811865475, 0, 0, 0.7071067811865475],
            "rightEngine":["cylinder", 3.3, -0.27, 3.35, 0.8, 8.5, 0.8, 0.7071067811865475, 0, 0, 0.7071067811865475]
        },
        "shield":["sphere",0, 0, 1.56, 6, 2.3, 10, 0, 0, 0, 1]
    },
    "performance":{},
    "mass":24.8
}