{
    "scale":[3.0767969186960547 , 3.0767969186960547 , 3.0767969186960547 ],
    "rotation":[-1.5707963267948966192313216916398,0,3.1415926535897932384626433832795],
    "position":[0,0,0],
    "collision":{},
    "performance":{},
    "mass":352700
}